[
    {
        "image": "images/pacifier.jpg",
        "class": "teapot",
        "score": 8.079035758972168
    },
    {
        "image": "images/koala.jpg",
        "class": "koala, koala bear, kangaroo bear, native bear, Phascolarctos cinereus",
        "score": 8.828499794006348
    },
    {
        "image": "images/zoo.jpg",
        "class": "Arabian camel, dromedary, Camelus dromedarius",
        "score": 7.110105514526367
    },
    {
        "image": "images/golden retriever.jpg",
        "class": "golden retriever",
        "score": 6.624148368835449
    },
    {
        "image": "images/rubber duck sculpture.jpg",
        "class": "toilet seat",
        "score": 7.224327087402344
    },
    {
        "image": "images/shoehorn.jpg",
        "class": "wine bottle",
        "score": 9.177264213562012
    },
    {
        "image": "images/rubber ducks.jpg",
        "class": "candle, taper, wax light",
        "score": 7.164582252502441
    }
]