[
    {
        "image": "images/pacifier.jpg",
        "class": "paintbrush",
        "score": 6.615400791168213
    },
    {
        "image": "images/koala.jpg",
        "class": "hummingbird",
        "score": 6.066211700439453
    },
    {
        "image": "images/zoo.jpg",
        "class": "orangutan, orang, orangutang, Pongo pygmaeus",
        "score": 5.7440924644470215
    },
    {
        "image": "images/golden retriever.jpg",
        "class": "plastic bag",
        "score": 6.557003021240234
    },
    {
        "image": "images/rubber duck sculpture.jpg",
        "class": "pay-phone, pay-station",
        "score": 6.629408836364746
    },
    {
        "image": "images/shoehorn.jpg",
        "class": "clog, geta, patten, sabot",
        "score": 8.04464054107666
    },
    {
        "image": "images/rubber ducks.jpg",
        "class": "jack-o'-lantern",
        "score": 5.841012954711914
    }
]