[
    {
        "image": "images/pacifier.jpg",
        "class": "Petri dish",
        "score": 7.836972236633301
    },
    {
        "image": "images/koala.jpg",
        "class": "koala, koala bear, kangaroo bear, native bear, Phascolarctos cinereus",
        "score": 12.858137130737305
    },
    {
        "image": "images/zoo.jpg",
        "class": "ox",
        "score": 7.473712921142578
    },
    {
        "image": "images/golden retriever.jpg",
        "class": "Leonberg",
        "score": 10.680414199829102
    },
    {
        "image": "images/rubber duck sculpture.jpg",
        "class": "scale, weighing machine",
        "score": 5.31264591217041
    },
    {
        "image": "images/shoehorn.jpg",
        "class": "fountain pen",
        "score": 8.321038246154785
    },
    {
        "image": "images/rubber ducks.jpg",
        "class": "piggy bank, penny bank",
        "score": 10.58351993560791
    }
]