[
    {
        "image": "images/pacifier.jpg",
        "class": "Petri dish",
        "score": 8.35736083984375
    },
    {
        "image": "images/koala.jpg",
        "class": "koala, koala bear, kangaroo bear, native bear, Phascolarctos cinereus",
        "score": 12.083959579467773
    },
    {
        "image": "images/zoo.jpg",
        "class": "ox",
        "score": 10.53638744354248
    },
    {
        "image": "images/golden retriever.jpg",
        "class": "golden retriever",
        "score": 11.920808792114258
    },
    {
        "image": "images/rubber duck sculpture.jpg",
        "class": "king penguin, Aptenodytes patagonica",
        "score": 6.64373779296875
    },
    {
        "image": "images/shoehorn.jpg",
        "class": "fountain pen",
        "score": 9.837053298950195
    },
    {
        "image": "images/rubber ducks.jpg",
        "class": "toyshop",
        "score": 8.598198890686035
    }
]